<?xml version="1.0" encoding="UTF-8"?>
<!DOCTYPE suite SYSTEM "http://testng.org/testng-1.0.dtd">
<suite name="Loan Department">
<listeners>
<listener class-name="test.Listeners"></listener>
</listeners>
<parameter name="url" value="qaclickacadamey.com"/>
 <test thread-count="5" name="Personal Loan">
 <parameter name="url" value="personalloan.com"/>
    <classes>
      <class name="test.Day1"/>
      <class name="test.Day2"/>
    </classes>
  </test> 
  
<test name="Car Loan">
<parameter name="url" value="carloan.com"/>
<parameter name="username" value="qauser"/>
<classes>
<class name="test.Day3">
<methods>
<include name="Mobile.*"/>
</methods>
</class>
</classes>
</test>

<test name= "Home Loan">
<classes>
<class name="test.Day4">
<methods>
<include name="MobileLoginHomeLoan"></include>
<include name="loginAPIHomeLoan"></include>
</methods>
</class>
</classes>
</test>

</suite> <!-- Suite -->
